<?xml version="1.0" encoding="UTF-8" standalone="yes"?>
<worksheet xmlns="http://schemas.openxmlformats.org/spreadsheetml/2006/main" xmlns:r="http://schemas.openxmlformats.org/officeDocument/2006/relationships">
    <sheetPr filterMode="false">
        <pageSetUpPr fitToPage="false"/>
    </sheetPr>
    <dimension ref="A1:H6"/>
    <sheetViews>
        <sheetView colorId="64" defaultGridColor="true" rightToLeft="false" showFormulas="false" showGridLines="true" showOutlineSymbols="true" showRowColHeaders="true" showZeros="true" tabSelected="true" topLeftCell="A1" view="normal" windowProtection="false" workbookViewId="0" zoomScale="100" zoomScaleNormal="100" zoomScalePageLayoutView="100">
            <selection activeCell="B6" activeCellId="0" pane="topLeft" sqref="B6:C6"/>
        </sheetView>
    </sheetViews>
    <sheetFormatPr defaultRowHeight="12.1"></sheetFormatPr>
    <cols>
        <col collapsed="false" hidden="false" max="1025" min="1" style="0" width="11.5204081632653"/>
    </cols>
    <sheetData>
        <row collapsed="false" customFormat="false" customHeight="false" hidden="false" ht="12.1" outlineLevel="0" r="1">
            <c r="A1" s="0" t="s">
                <v>0</v>
            </c>
            <c r="B1" s="0" t="s">
                <v>1</v>
            </c>
            <c r="D1" s="1">
                <v></v>
            </c>
        </row>
        <row collapsed="false" customFormat="false" customHeight="false" hidden="false" ht="12.8" outlineLevel="0" r="2">
            <c r="A2" s="0" t="s">
                <v>2</v>
            </c>
            <c r="B2" s="0" t="s">
                <v>3</v>
            </c>
            <c r="C2" s="0" t="s">
                <v>4</v>
            </c>
        </row>
        <row collapsed="false" customFormat="false" customHeight="false" hidden="false" ht="12.8" outlineLevel="0" r="4">
            <c r="A4" s="0" t="n">
                <v>5</v>
            </c>
            <c r="C4" s="1" t="n">
                <v>6</v>
            </c>
        </row>
        <row collapsed="false" customFormat="false" customHeight="false" hidden="false" ht="12.8" outlineLevel="0" r="5">
        </row>
    </sheetData>
    <printOptions headings="false" gridLines="false" gridLinesSet="true" horizontalCentered="false" verticalCentered="false"/>
    <pageMargins left="0.7875" right="0.7875" top="1.025" bottom="1.025" header="0.7875" footer="0.7875"/>
    <pageSetup blackAndWhite="false" cellComments="none" copies="1" draft="false" firstPageNumber="1" fitToHeight="1" fitToWidth="1" horizontalDpi="300" orientation="portrait" pageOrder="downThenOver" paperSize="9" scale="100" useFirstPageNumber="true" usePrinterDefaults="false" verticalDpi="300"/>
    <headerFooter differentFirst="false" differentOddEven="false">
        <oddHeader>&amp;C&amp;A</oddHeader>
        <oddFooter>&amp;CPage &amp;P</oddFooter>
    </headerFooter>
</worksheet>
